feature,mean,std
n_d_ratio,221.26053958454577,260.74352800825125
feat_kurtosis,80.75010951287967,143.05500958682748
iqr_dev,22852.588050037848,97474.64949830306
pc_eigen,12779756660.444536,52854440467.503716
target_entropy,1.1298919635536513,0.6768640792734989
hopkins,0.8748895632161166,0.2601267429061312
silhouette,0.45119107782798656,0.27752402749113575
davies_bouldin,1.359960717627557,1.5020545880108143
